"","Site","Tag","Array","Genotype","NurseyGroup","FragID","T0_Method","T0_TLE","T0_SA","T0_V","T0_Vcx","T0_SAcx","T6_TLE","T6_SA","T6_V","T6_Vcx","T6_SAcx","T12_TLE","T12_SA","T12_V","T12_Vcx","T12_SAcx","T3_Break","T3_Dead","T12_Dead","T12_TOD","CulumativeBreaks","T12_Status","X","T0_FieldTLE","T6_FieldTLE","T0_Vinter","T6_Vinter","T12_Vinter","TLE_0.6","SA_0.6","V_0.6","Vinter_0.6","SAtoV_0.6","TLE_6.12","SA_6.12","V_6.12","Vinter_6.12","SAtoV_6.12","TLE_0.12","SA_0.12","V_0.12","Vinter_0.12","SAtoV_0.12","SAtoTLE_0.6","SAtoTLE_6.12","SAtoTLE_0.12","FieldTLE_0.6","Status"
"1","Bahia Honda","2","1","1","1","7","3D",9.069,35.7,7.92,19.587,44.116,9.421,33.794,9.269,22.777,51.742,35.148,93.595,22.675,108.889,130.152,0,0,0,13,1,"A","",13,10.6,11.667,13.508,86.214,0.351999999999999,-1.90600000000001,1.349,1.841,-0.861659261729388,25.727,59.801,13.406,72.706,0.481757153547236,26.079,57.895,14.755,74.547,-0.379902108182153,-5.41477272727277,2.3244451354608,2.21998542888914,-2.4,"Broken"
"2","Bahia Honda","3","1","31","5","4","3D",9.551,44.971,12.16,27.654,53.179,40.561,144.685,41.599,283.985,240.388,72.369,200.361,46.56,561.217,375.755,0,0,0,13,0,"A","",9.8,41.2,15.494,242.386,514.657,31.01,99.714,29.439,226.892,-0.220184610728876,31.808,55.676,4.96100000000001,272.271,0.825197666887313,62.818,155.39,34.4,499.163,0.605013056158437,3.21554337310545,1.75037726358149,2.47365404820274,31.4,"Unbroken"
"3","Bahia Honda","7","1","36","6","5","3D",6.213,24.055,6.676,13.654,33.048,4.419,18.105,4.172,8.852,26.604,10.151,26.495,6.115,18.152,40.201,1,0,0,13,1,"A","",7.8,5.3,6.978,4.68,12.037,-1.794,-5.95,-2.504,-2.298,0.73643974179198,5.732,8.39,1.943,7.357,-0.00685702840021385,3.938,2.44,-0.561,5.059,0.729582713391766,3.31661092530658,1.46371249127704,0.619603859827324,-2.5,"Broken"
"4","Bahia Honda","10","1","62","10","6","3D",13.103,60.266,20.632,40.519,65.428,41.448,134.285,39.787,228.014,201.237,54.668,140.854,35.57,331.092,277.241,0,0,0,13,1,"A","",12.7,40.4,19.887,188.227,295.522,28.345,74.019,19.155,168.34,0.454100883345732,13.22,6.56900000000002,-4.217,107.295,0.584812642926621,41.565,80.588,14.938,275.635,1.03891352627235,2.61136002822367,0.496898638426628,1.93884277637435,27.7,"Broken"
"5","Bahia Honda","11","2","7","3","4","3D",9.19,47.522,13.965,34.601,61.743,6.768,30.008,8.025,16.225,42.311,9.925,34.685,10.019,25.235,54.744,0,0,0,13,1,"A","",10.8,8.7,20.636,8.2,15.216,-2.422,-17.514,-5.94,-12.436,0.33637873053796,3.157,4.677,1.994,7.016,-0.277392294204873,0.735000000000001,-12.837,-3.946,-5.42,0.058986436333087,7.23121387283237,1.48146974976243,-17.4653061224489,-2.1,"Broken"
"6","Bahia Honda","12","2","31","5","6","3D",3.901,15.226,2.99,5.073,17.776,1.832,12.575,3.51,6.218,20.067,10.76,36.226,6.736,24.278,45.867,0,0,0,13,1,"A","",9.3,2.1,2.083,2.708,17.542,-2.069,-2.651,0.52,0.625,-1.50968660968661,8.928,23.651,3.226,14.834,1.79534803851906,6.859,21,3.746,15.459,0.285661428832451,1.28129531174481,2.64908154121864,3.06167079749235,-7.2,"Broken"
"7","Bahia Honda","16","2","1","1","4","3D",11.42,64.259,25.912,47.208,74.968,2.561,18.48,6.134,9.473,28.95,17.264,56.62,10.511,45.62,69.322,0,0,0,13,1,"A","",12.2,2.8,21.296,3.339,35.109,-8.859,-45.779,-19.778,-17.957,0.532822523485725,14.703,38.14,4.377,31.77,2.37402169422894,5.844,-7.639,-15.401,13.813,2.90684421771467,5.16751326334801,2.5940284295722,-1.30715263518138,-9.4,"Broken"
"8","Bahia Honda","19","2","36","6","7","3D",7.632,32.093,7.301,16.228,39.571,1.891,16.228,4.791,8.552,27.453,10.4,47.581,13.455,38.533,63.961,1,0,0,13,1,"A","",8.5,3.6,8.927,3.761,25.078,-5.741,-15.865,-2.51,-5.166,-1.00851491538188,8.509,31.353,8.664,21.317,0.149121901968272,2.768,15.488,6.154,16.151,-0.859393013413606,2.76345584392963,3.68468680220943,5.59537572254335,-4.9,"Broken"
"9","Bahia Honda","22","3","13","4","7","3D",8.696,24.538,4.669,12.941,35.88,0.664,2.278,0.324,0.466,3.716,1.328,2.628,0.346,0.574,3.947,1,0,0,13,1,"A","",8.9,1,8.272,0.142,0.228,-8.032,-22.26,-4.345,-8.13,1.7753490979378,0.664,0.35,0.022,0.086,0.56451152501249,-7.368,-21.91,-4.323,-8.044,2.33986062295029,2.77141434262948,0.52710843373494,2.97366992399566,-7.9,"Broken"
"10","Bahia Honda","26","3","36","6","6","3D",5.376,22.732,4.944,9.989,28.473,0.836,4.204,0.762,1.282,8.307,0.1,1.2,0,0,1.2,1,0,0,13,1,"A","",6.1,0.5,5.045,0.52,0,-4.54,-18.528,-4.182,-4.525,0.919163927324618,-0.736,-3.004,-0.762,-0.52,Inf,-5.276,-21.532,-4.944,-5.045,Inf,4.08105726872247,4.08152173913043,4.08112206216831,-5.6,"Broken"
"11","Big Pine","2","1","41","7","9","3D",7.7,28.266,6.036,12.033,31.219,18.792,59.841,14.912,61.067,88.674,35.335,94.993,24.239,139.274,145.905,0,0,0,13,1,"A","",8.2,21.5,5.997,46.155,115.035,11.092,31.575,8.876,40.158,-0.669959987926519,16.543,35.152,9.327,68.88,-0.093927785724492,27.635,66.727,18.203,109.038,-0.763887773651011,2.84664623151821,2.12488665900985,2.41458295639587,13.3,"Broken"
"12","Big Pine","3","1","62","10","8","3D",9.797,44.915,12.247,26.239,52.379,1.632,16.795,4.744,7.681,23.812,8.108,30.832,7.392,18.638,38.107,0,0,0,13,1,"A","",10.5,2.6,13.992,2.937,11.246,-8.165,-28.12,-7.503,-11.055,-0.127167375263873,6.476,14.037,2.648,8.309,0.630734288196345,-1.689,-14.083,-4.855,-2.746,0.503566912932472,3.44396815676669,2.16754169240272,8.33806986382475,-7.9,"Broken"
"13","Big Pine","4","1","50","9","7","3D",4.706,21.026,5.195,10.165,28.086,12.267,51.5,14.027,53.295,83.796,34.596,102.345,33.463,145.38,151.693,0,0,0,13,0,"A","",5.2,13.2,4.97,39.268,111.917,7.561,30.474,8.832,34.298,-0.375862527740224,22.329,50.845,19.436,72.649,-0.613038077202986,29.89,81.319,28.268,106.947,-0.988900604943209,4.03041925671208,2.27708361323839,2.72060889929742,8,"Unbroken"
"14","Big Pine","5","1","36","6","10","3D",7.188,26.784,5.999,12.03,33.184,10.487,48.982,13.359,51.841,80.364,26.377,102.815,30.129,145.354,149.532,0,0,0,13,0,"A","",8.5,11.4,6.031,38.482,115.225,3.299,22.198,7.36,32.451,-0.798152313256391,15.89,53.833,16.77,76.743,-0.254098863769689,19.189,76.031,24.13,109.194,-1.05225117702608,6.72870566838436,3.38785399622404,3.96221793735995,2.9,"Unbroken"
"15","Big Pine","7","1","1","1","10","3D",6.131,22.559,4.656,8.376,26.248,18.514,57.735,16.253,52.161,76.499,49.153,145.857,40.048,171.878,160.77,1,0,0,13,1,"A","",7.8,21.2,3.72,35.908,131.83,12.383,35.176,11.597,32.188,-1.29287877437589,30.639,88.122,23.795,95.922,0.0897872608244499,43.022,123.298,35.392,128.11,-1.20309151355144,2.84066865864492,2.87613825516499,2.86592905955093,13.4,"Broken"
"16","Big Pine","9","1","7","3","9","3D",4.726,19.814,3.473,6.389,21.613,14.67,54.852,15.315,51.679,78.595,29.173,120.083,38.28,164.435,161.678,0,0,0,13,0,"A","",5.9,17.6,2.916,36.364,126.155,9.944,35.038,11.842,33.448,-2.12356736576805,14.503,65.231,22.965,89.791,-0.444622207416459,24.447,100.269,34.807,123.239,-2.56818957318451,3.52353177795656,4.49775908432738,4.10148484476623,11.7,"Unbroken"
"17","Big Pine","10","1","3","2","9","3D",5.377,25.846,6.584,12.233,32.539,24.783,78.115,20.74,111.26,127.403,32.393,96.157,23.193,207.655,212.385,0,0,0,13,0,"A","",7.2,25.7,5.649,90.52,184.462,19.406,52.269,14.156,84.871,-0.15918371412067,7.61,18.042,2.453,93.942,0.379555766190052,27.016,70.311,16.609,178.813,0.220372052069382,2.69344532618778,2.37082785808147,2.60256884809002,18.5,"Unbroken"
"18","Big Pine","11","2","44","8","12","3D",7.612,20.447,3.569,11.921,31.682,3.138,24.11,7.219,16.182,41.846,15.923,68.728,32.728,70.249,90.47,1,0,0,13,1,"A","",8.1,3,8.352,8.963,37.521,-4.474,3.663,3.65,0.610999999999997,-2.38925800199351,12.785,44.618,25.509,28.558,-1.23982219982312,8.311,48.281,29.159,29.169,-3.62908020181663,-0.818730442556996,3.48987094251075,5.80928889423655,-5.1,"Broken"
"19","Big Pine","12","2","31","5","8","3D",6.254,20.826,4.233,8.511,26.062,26.469,81.918,21.746,113.208,136.946,35.519,93.572,22.67,191.258,191.73,0,0,0,13,0,"A","partial mortality",7.1,25.1,4.278,91.462,168.588,20.215,61.092,17.513,87.184,-1.15287733782007,9.05,11.654,0.924000000000003,77.126,0.360531858963886,29.265,72.746,18.437,164.31,-0.792345478856187,3.02211229285184,1.28773480662983,2.48576798223133,18,"Unbroken"
"20","Big Pine","13","2","50","9","8","3D",7.457,36.505,10.091,20.389,47.253,25.773,79.61,21.966,95.912,126.388,56.625,171.703,43.834,369.102,278.829,0,0,0,13,0,"A","",8.7,26.3,10.298,73.946,325.268,18.316,43.105,11.875,63.648,0.00665743608785929,30.852,92.093,21.868,251.322,0.2928816733785,49.168,135.198,33.743,314.97,0.299539109466359,2.35340685739244,2.9849928691819,2.749715261959,17.6,"Unbroken"
"21","Big Pine","14","2","36","6","9","3D",4.698,19.322,3.56,6.749,22.915,15.943,68.709,21.774,100.684,124.545,32.094,134.758,52.281,225.52,197.872,0,0,0,13,0,"A","",5.7,13.2,3.189,78.91,173.239,11.245,49.387,18.214,75.721,-2.2719755960877,16.151,66.049,30.507,94.329,-0.577981292024921,27.396,115.436,48.721,170.05,-2.84995688811262,4.39190751445087,4.08946814438734,4.21360782595999,7.5,"Unbroken"
"22","Big Pine","16","2","3","2","8","3D",10.321,41.352,10.505,23.152,51.143,9.19,39.679,14.311,36.268,64.937,28.833,95.691,24.808,116.337,127.735,0,0,0,13,1,"A","",11.1,10.6,12.647,21.957,91.529,-1.131,-1.67299999999999,3.806,9.31,-1.16378877449741,19.643,56.012,10.497,69.572,1.08464132762662,18.512,54.339,14.303,78.882,-0.0791474468707865,1.47922192749778,2.85149926182355,2.93533923941227,-0.5,"Broken"
"23","Big Pine","17","2","13","4","8","3D",5.995,24.358,4.997,8.816,28.459,1.284,9.797,2.741,3.984,17.811,9.682,23.277,4.594,12.753,30.096,1,0,0,13,1,"A","",7.8,2.2,3.819,1.243,8.159,-4.711,-14.561,-2.256,-2.576,-1.30028173781321,8.398,13.48,1.853,6.916,1.49258331815192,3.687,-1.081,-0.403,4.34,0.192301580338713,3.09085119932074,1.60514408192427,-0.293192297260645,-5.6,"Broken"
"24","Big Pine","20","2","62","10","7","3D",10.656,39.776,9.606,25.139,52.099,0.869,10.679,2.696,3.742,19.073,6.237,23.55,5.93,13.044,35.054,0,0,0,13,1,"A","",10.8,1.4,15.533,1.046,7.114,-9.787,-29.097,-6.91,-14.487,-0.179691955015752,5.368,12.871,3.234,6.068,0.0102787966433318,-4.419,-16.226,-3.676,-8.419,-0.16941315837242,2.97302544191274,2.39772727272727,3.67187146413216,-9.4,"Broken"
"25","Big Pine","22","3","44","8","11","3D",7.812,40.744,15.772,24.198,51.178,21.007,81.432,20.832,112.144,131.727,24.193,86.449,29.553,126.628,143.155,0,0,0,13,0,"A","",8.8,16.8,8.426,91.312,97.075,13.195,40.688,5.06,82.886,1.32567397628183,3.186,5.017,8.721,5.76299999999999,-0.983767077223284,16.381,45.705,13.781,88.649,0.341906899058547,3.08359226979917,1.57470182046453,2.79012270313168,8,"Unbroken"
"26","Big Pine","23","3","13","4","9","3D",7.766,27.652,4.934,16.312,39.955,4.162,18.796,4.921,9.506,25.939,15.646,38.26,8.276,27.032,48.02,1,0,0,13,1,"A","",8.5,8.1,11.378,4.585,18.756,-3.604,-8.856,-0.0129999999999999,-6.793,-1.78482891460512,11.484,19.464,3.355,14.171,0.803457411048162,7.88,10.608,3.342,7.378,-0.981371503556957,2.45726970033296,1.69487983281087,1.34619289340101,-0.4,"Broken"
"27","Big Pine","24","3","41","7","8","3D",7.183,24.576,4.465,11.179,30.557,1.226,9.548,3.053,3.728,16.886,4.022,13.371,2.757,5.746,20.613,1,0,0,13,1,"A","",8,2.4,6.714,0.675,2.989,-5.957,-15.028,-1.412,-6.039,-2.37672768033499,2.796,3.823,-0.296,2.314,1.72242112237664,-3.161,-11.205,-1.708,-3.725,-0.654306557958344,2.52274634883331,1.3673104434907,3.54476431509016,-5.6,"Broken"
"28","Big Pine","26","3","3","2","7","3D",7.822,31.386,6.841,14.681,38.748,3.44,28.696,8.48,18.786,44.677,20.25,66.221,26.493,59.709,80.033,1,0,0,13,1,"A","",10.4,4.5,7.84,10.306,33.216,-4.382,-2.69,1.639,2.466,-1.20396347769966,16.81,37.525,18.013,22.91,-0.884396341076923,12.428,34.835,19.652,25.376,-2.08835981877659,0.613874942948425,2.23230220107079,2.8029449629868,-5.9,"Broken"
"29","Big Pine","27","3","50","9","9","3D",8.447,29.586,5.976,15.457,37.439,16.011,58.295,14.65,53.428,80.36,38.951,127.396,38.319,173.823,170.73,0,0,0,13,0,"A","",9.6,16.9,9.481,38.778,135.504,7.564,28.709,8.674,29.297,-0.971622325479392,22.94,69.101,23.669,96.726,-0.654563856656181,30.504,97.81,32.343,126.023,-1.62618618213557,3.79547858276044,3.01224934612031,3.20646472593758,7.3,"Unbroken"
"30","Big Pine","28","3","7","3","7","3D",5.03,22.618,4.48,8.075,24.72,0.71,7.608,1.794,2.478,12.8,5.534,13.577,3.631,6.111,21.122,1,0,0,13,1,"A","",6.4,1.2,3.595,0.684,2.48,-4.32,-15.01,-2.686,-2.911,-0.807858038700429,4.824,5.969,1.837,1.796,-0.501612369884375,0.504,-9.041,-0.849000000000001,-1.115,-1.3094704085848,3.47453703703704,1.23735489220564,-17.9384920634921,-5.2,"Broken"
"31","Big Pine","29","3","1","1","8","3D",9.247,31.072,7.86,19.136,44.242,40.627,191.947,67.812,328.502,264.21,50.885,179.128,55.561,235.557,203.666,0,0,0,13,0,"A","",10,34.8,11.276,260.69,179.996,31.38,160.875,59.952,249.414,-1.12260495226362,10.258,-12.819,-12.251,-80.694,0.393412339857195,41.638,148.056,47.701,168.72,-0.729192612406427,5.12667304015296,-1.24965880288555,3.55579038378404,24.8,"Unbroken"
"32","Big Pine","30","3","36","6","8","3D",5.009,18.91,3.429,6.882,23.193,1.03,14.468,4.304,6.057,24.041,8.971,27.628,6.344,18.003,43.984,1,0,0,13,1,"A","",6,2,3.453,1.753,11.659,-3.979,-4.442,0.875,-1.7,-2.15320316218217,7.941,13.16,2.04,9.906,0.993456920920508,3.962,8.718,2.915,8.206,-1.15974624126167,1.11636089469716,1.65722201234102,2.20040383644624,-4,"Broken"
"33","Dave's Ledge","2","1","3","2","20","3D",11.808,49.15,12.628,33.082,60.339,2.407,17.953,5.484,8.704,28.997,12.558,45.275,15.423,32.718,57.098,1,0,0,13,1,"A","",11.4,2.9,20.454,3.22,17.295,-9.401,-31.197,-7.144,-17.234,-0.618439116344331,10.151,27.322,9.939,14.075,-0.338154523828475,0.75,-3.875,2.795,-3.159,-0.956593640172805,3.31847675779172,2.69155748202148,-5.16666666666667,-8.5,"Broken"
"34","Dave's Ledge","5","1","1","1","18","3D",15.385,47.091,10.443,29.162,54.106,33.378,106.217,29.983,126.257,137.32,84.104,284.227,70.564,458.475,313.378,1,0,0,13,1,"A","",15.4,33.2,18.719,96.274,387.911,17.993,59.126,19.54,77.555,-0.966762272249209,50.726,178.01,40.581,291.637,0.485357964679881,68.719,237.136,60.121,369.192,-0.481404307569328,3.28605568832324,3.50924575168553,3.45080690929728,17.8,"Broken"
"35","Dave's Ledge","6","1","7","3","18","3D",6.218,22.789,5.052,8.854,25.618,23.351,74.204,21.461,102.872,119.717,34.576,142.187,46.206,184.587,173.419,0,0,0,13,0,"A","",5.2,25.4,3.802,81.411,138.381,17.133,51.415,16.409,77.609,-1.05326597699198,11.225,67.983,24.745,56.97,-0.380379749576112,28.358,119.398,41.154,134.579,-1.43364572656809,3.00093387030876,6.05639198218263,4.21038155017984,20.2,"Unbroken"
"36","Dave's Ledge","7","1","36","6","20","3D",10.274,36.687,9.987,22.518,51.555,16.767,64.78,22.004,66.703,91.67,54.581,192.877,63.136,313.207,255.831,1,0,0,13,1,"A","",10.1,18.5,12.531,44.699,250.071,6.493,28.093,12.017,32.168,-0.729465338206347,37.814,128.097,41.132,205.372,0.110934700924764,44.307,156.19,53.149,237.54,-0.618530637281583,4.3266594794394,3.38755487385624,3.52517660866229,8.4,"Broken"
"37","Dave's Ledge","8","1","41","7","18","3D",14.141,38.263,9.484,27.213,53.411,29.397,99.191,26.752,137.017,145.642,16.511,53.787,13.954,53.435,85.08,0,0,0,13,1,"A","",15.1,27.4,17.729,110.265,39.481,15.256,60.928,17.268,92.536,-0.326681574886134,-12.886,-45.404,-12.798,-70.784,0.146796117052063,2.37,15.524,4.47,21.752,-0.17988545783407,3.99370739381227,3.52351389104455,6.55021097046414,12.3,"Broken"
"38","Dave's Ledge","9","1","13","4","19","3D",8.689,34.369,7.068,15.111,38.65,1.265,12.011,3.825,5.099,20.548,7.587,22.196,6.916,13.104,33.898,1,0,0,13,1,"A","",10.7,1.2,8.043,1.274,6.188,-7.424,-22.358,-3.243,-6.769,-1.72248954137399,6.322,10.185,3.091,4.914,0.0692388588363824,-1.102,-12.173,-0.151999999999999,-1.855,-1.65325068253761,3.01158405172414,1.61104080987029,11.046279491833,-9.5,"Broken"
"39","Dave's Ledge","11","2","1","1","20","3D",5.404,16.816,3.931,6.951,21.831,22.075,77.906,19.342,104.986,119.438,9.763,39.427,7.738,23.635,46.776,0,0,0,13,1,"A","",5.6,26.2,3.02,85.644,15.897,16.671,61.09,15.411,82.624,-0.249976793094171,-12.312,-38.479,-11.604,-69.747,1.06742913179881,4.359,22.611,3.807,12.877,0.817452338704635,3.66444724371663,3.1253248862898,5.18719889883001,20.6,"Broken"
"40","Dave's Ledge","13","2","3","2","18","3D",6.54,35.297,10.51,19.41,43.559,21.741,95.445,36.822,135.169,145.348,22.778,97.707,32.954,119.956,137.174,0,0,0,13,0,"A","",8.1,15.2,8.9,98.347,87.002,15.201,60.148,26.312,89.447,-0.766356025213695,1.037,2.262,-3.868,-11.345,0.372886617377254,16.238,62.41,22.444,78.102,-0.393469407836441,3.95684494441155,2.18129218900675,3.843453627294,7.1,"Unbroken"
"41","Dave's Ledge","16","2","41","7","28"," 3D",7.41,25.74,5.004,14.563,36.412,11.739,42.847,12.469,35.585,62.975,20.644,69.757,20.448,72.044,97.784,0,0,0,13,1,"A","",10.5,10.5,9.559,23.116,51.596,4.329,17.107,7.465,13.557,-1.70760291277765,8.905,26.91,7.979,28.48,-0.0248480982445227,13.234,44.017,15.444,42.037,-1.73245101102217,3.95172095172095,3.02189781021898,3.32605410306786,0,"Broken"
"42","Dave's Ledge","18","2","13","4","21","3D",8.141,20.493,4.874,8.777,27.886,16.853,59.476,14.737,77.16,104.616,30.24,111.514,30.253,177.403,171.273,0,0,0,13,1,"A","",7.7,15.8,3.903,62.423,147.15,8.712,38.983,9.863,58.52,-0.168726592912654,13.387,52.038,15.516,84.727,-0.349780522860723,22.099,91.021,25.379,143.247,-0.518507115773378,4.47463269054178,3.88720400388437,4.11878365536902,8.1,"Broken"
"43","Dave's Ledge","20","2","36","6","17","3D",5.461,21.214,5.699,9.747,28.031,8.413,36.104,11.637,30.223,54.857,23.032,91.851,28.904,105.686,123.036,1,0,0,13,1,"A","",5.5,8.7,4.048,18.586,76.782,2.952,14.89,5.938,14.538,-0.619889608845623,14.619,55.747,17.267,58.196,0.0752776297797566,17.571,70.637,23.205,72.734,-0.544611979065866,5.0440379403794,3.81332512483754,4.02008992089238,3.2,"Broken"
"44","Dave's Ledge","23","3","3","2","19","3D",5.492,27.963,7.369,11.269,30.889,2.549,16.876,4.162,7.769,30.318,11.006,46.232,10.127,30.348,56.532,0,0,0,13,0,"A","",6,3.1,3.9,3.607,20.221,-2.943,-11.087,-3.207,-0.293,0.260100937150572,8.457,29.356,5.965,16.614,0.510440329487778,5.514,18.269,2.758,16.321,0.770541266638349,3.76724430852871,3.47120728390682,3.31320275661951,-2.9,"Unbroken"
"45","Dave's Ledge","24","3","44","8","21","3D",5.017,24.421,4.982,13.072,35.29,0.786,12.679,4.175,5.356,23.213,13.853,52.536,12.586,35.322,60.611,1,0,0,13,2,"A","",6.3,2.9,8.09,1.181,22.736,-4.231,-11.742,-0.807,-6.909,-1.86496042038765,13.067,39.857,8.411,21.555,1.13727553949784,8.836,28.115,7.604,14.646,-0.727684880889812,2.77523044197589,3.05020280094896,3.18186962426437,-3.4,"Broken"
"46","Dave's Ledge","30","3","41","7","17","3D",11.316,28.502,6.794,16.764,39.918,0.816,11.796,3.684,4.976,21.727,5.3,14.495,3.314,6.316,22.015,0,0,0,13,1,"A","",11.7,1.5,9.97,1.292,3.002,-10.5,-16.706,-3.11,-8.678,-0.993217813380076,4.484,2.699,-0.37,1.71,1.17191403954008,-6.016,-14.007,-3.48,-6.968,0.178696226160006,1.59104761904762,0.601917930419268,2.32829122340425,-10.2,"Broken"
"47","E. Sambo","1","1","41","7","12","3D",7.254,24.917,6.83,10.346,30.63,1.324,14.368,3.458,5.773,21.847,3.246,20.597,4.504,9.872,30.526,1,0,0,13,1,"A","",7.6,2,3.516,2.315,5.368,-5.93,-10.549,-3.372,-1.201,0.506833052899169,1.922,6.229,1.046,3.053,0.418043289327295,-4.008,-4.32,-2.326,1.852,0.924876342226465,1.77892074198988,3.24089490114464,1.07784431137725,-5.6,"Broken"
"48","E. Sambo","2","1","1","1","11","3D",18.308,55.162,15.327,41.144,63.908,33.868,146.715,42.678,160.666,158.086,96.71,376.313,140.272,541.46,340.877,0,0,0,13,0,"A","",17,32,25.817,117.988,401.188,15.56,91.553,27.351,92.171,-0.161288617818056,62.842,229.598,97.594,283.2,-0.754981844556236,78.402,321.151,124.945,375.371,-0.916270462374292,5.88386889460154,3.65357563413004,4.0962092803755,15,"Unbroken"
"49","E. Sambo","5","1","44","8","13","3D",5.018,22.387,4.095,8.164,24.88,8.005,45.551,15.589,43.634,72.016,37.199,140.53,63.447,184.434,175.912,0,0,0,13,0,"A","",5.4,7.3,4.069,28.045,120.987,2.987,23.164,11.494,23.976,-2.54491458748307,29.194,94.979,47.858,92.942,-0.707076740284895,32.181,118.143,59.352,116.918,-3.25199132776796,7.75493806494811,3.25337398095499,3.67120350517386,1.9,"Unbroken"
"50","E. Sambo","6","1","62","10","12","3D",9.696,35.646,12.048,25.899,51.325,12.345,55.788,23.105,51.142,79.802,34.388,125.36,48.084,185.533,180.99,0,0,0,13,0,"A","",9.8,14.8,13.851,28.037,137.449,2.649,20.142,11.057,14.186,-0.544123031785432,22.043,69.572,24.979,109.412,0.192561927396731,24.692,89.714,36.036,123.598,-0.351561104388701,7.60362400906002,3.15619471033888,3.63332253361413,5,"Unbroken"
"51","E. Sambo","8","1","7","3","12","3D",11.972,46.753,10.807,25.238,51.304,24.245,75.491,24.259,78.699,105.292,47.199,184.681,71.068,294.109,238.129,1,0,0,13,1,"A","",13,17.7,14.431,54.44,223.041,12.273,28.738,13.452,40.009,-1.21430147277911,22.954,109.19,46.809,168.601,-0.513224009509597,35.227,137.928,60.261,208.61,-1.72752548228871,2.34156278008637,4.75690511457698,3.91540579669004,4.7,"Broken"
"52","E. Sambo","9","1","36","6","13","3D",7.704,31.513,10.776,17.923,40.501,18.482,96.349,33.858,112.651,135.512,40.746,165.746,60.072,299.819,250.429,0,0,0,13,0,"A","",7.3,21.8,7.147,78.793,239.747,10.778,64.836,23.082,71.646,-0.0786899557315297,22.264,69.397,26.214,160.954,-0.0865566258761095,33.042,134.233,49.296,232.6,-0.165246581607639,6.0155873074782,3.11700503054258,4.06249621693602,14.5,"Unbroken"
"53","E. Sambo","10","1","50","9","10","3D",5.616,21.37,3.465,8.238,27.198,2.89,23.256,35.36,79.308,33.451,15.621,70.699,15.234,47.428,70.592,0,0,0,13,1,"A","",6.1,2.3,4.773,43.948,32.194,-2.726,1.886,31.895,39.175,-5.50969585969586,12.731,47.443,-20.126,-11.754,3.98317680088062,10.005,49.329,11.769,27.421,-1.52651905881524,-0.691856199559794,3.72657293221271,4.93043478260869,-3.8,"Broken"
"54","E. Sambo","11","2","3","2","11","3D",9.254,60.322,13.375,36.989,66.947,30.093,112.133,25.807,167.689,168.669,32.705,182.845,51.168,246.561,213.609,0,0,0,13,0,"A","",11.7,33.8,23.614,141.882,195.393,20.839,51.811,12.432,118.268,-0.164994657321476,2.612,70.712,25.361,53.511,-0.771636620696912,23.451,122.523,37.793,171.779,-0.936631278018388,2.48625173952685,27.0719754977029,5.2246386081617,22.1,"Unbroken"
"55","E. Sambo","12","2","44","8","15","3D",9.618,35.863,9.603,22.152,51.685,20.333,81.919,20.362,103.275,124.862,7.339,44.032,13.141,23.986,50.69,0,0,0,13,1,"A","",9.6,24.2,12.549,82.913,10.845,10.715,46.056,10.759,70.364,0.288569207047331,-12.994,-37.887,-7.221,-72.068,-0.672396980156467,-2.279,8.169,3.538,-1.704,-0.383827773109136,4.29827344843677,2.91573033707865,-3.58446687143484,14.6,"Broken"
"56","E. Sambo","13","2","7","3","10","3D",8.32,42.033,6.521,16.453,39.379,18.927,90.849,27.234,105.986,128.184,58.668,207.725,71.74,295.889,239.347,0,0,0,13,0,"A","",10.2,20.5,9.932,78.752,224.149,10.607,48.816,20.713,68.82,-3.10992359188385,39.741,116.876,44.506,145.397,-0.440341422260368,50.348,165.692,65.219,214.217,-3.55026501414422,4.60224380126332,2.94094260335673,3.29093509176134,10.3,"Unbroken"
"57","E. Sambo","14","2","36","6","11","3D",10.165,34.572,8.567,23.391,48.934,20.047,89.507,22.984,117.189,139.698,37.488,175.032,63.224,315.99,251.268,0,0,0,13,0,"A","",12.4,21,14.824,94.205,252.766,9.882,54.935,14.417,79.381,-0.141167214297523,17.441,85.525,40.24,158.561,-1.12587542262674,27.323,140.46,54.657,237.942,-1.26704263692426,5.55909734871483,4.9036752479789,5.14072393221828,8.6,"Unbroken"
"58","E. Sambo","20","2","62","10","13","3D",8.193,36.241,11.039,17.518,44.824,23.365,100.028,29.791,139.942,154.278,2.745,63.011,34.23,49.079,77.953,0,0,0,13,1,"A","",8.8,25.9,6.479,110.151,14.849,15.172,63.787,18.752,103.672,0.0746617049467941,-20.62,-37.017,4.439,-95.302,-1.51684620011183,-5.448,26.77,23.191,8.37,-1.44218449516503,4.20425784339573,1.79519883608147,-4.91372980910426,17.1,"Broken"
"59","E. Sambo","22","3","36","6","12","3D",4.389,17.229,4.179,7.462,22.498,7.4329,50.014,16.858,54.759,85.277,15.353,102.524,54.452,126.384,138.596,0,0,0,13,0,"A","",5.5,5,3.283,37.901,71.932,3.0439,32.785,12.679,34.618,-1.15597529024374,7.9201,52.51,37.594,34.031,-1.08394876360264,10.964,85.295,50.273,68.649,-2.23992405384638,10.7707217714117,6.62996679334857,7.77955125866472,-0.5,"Unbroken"
"60","E. Sambo","23","3","31","5","10","3D",9.805,37.138,10.547,19.063,42.948,35.596,120.281,33.795,183.611,178.622,58.387,175.118,40.694,322.18,254.796,0,0,0,13,0,"A","",5.3,32.3,8.516,149.816,281.486,25.791,83.143,23.248,141.3,0.037945106898825,22.791,54.837,6.899,131.67,0.744151987139129,48.582,137.98,30.147,272.97,0.782097094037954,3.22372145322012,2.40608134790049,2.84014655633774,27,"Unbroken"
"61","E. Sambo","24","3","62","10","14","3D",5.327,20.911,5.671,9.368,26.521,16.77,67.478,21.42,84.429,112.425,48.391,204.805,89.427,315.414,245.853,0,0,0,13,0,"A","",6.2,12.7,3.697,63.009,225.987,11.443,46.567,15.749,59.312,-0.537123300504591,31.621,137.327,68.007,162.978,-0.860041426525098,43.064,183.894,83.756,222.29,-1.39716472702969,4.06947478808005,4.34290503146643,4.2702489318224,6.5,"Unbroken"
"62","E. Sambo","26","3","41","7","13","3D",8.339,21.936,5.268,11.004,29.584,10.702,36.026,9.51,29.638,54.311,20.041,59.106,16.273,65.362,88.563,1,0,0,13,1,"A","",11.3,10.2,5.736,20.128,49.089,2.363,14.09,4.242,14.392,-0.375786188378616,9.339,23.08,6.763,28.961,-0.156071506781989,11.702,37.17,11.005,43.353,-0.531857695160604,5.96275920440119,2.47135667630367,3.17638010596479,-1.1,"Broken"
"63","E. Sambo","28","3","1","1","13","3D",13.008,40.764,10.968,28.369,54.321,30.277,98.512,29.423,141.631,145.341,57.105,207.44,64.148,292.168,228.076,0,0,0,13,0,"A","",13.3,25.8,17.401,112.208,228.02,17.269,57.748,18.455,94.807,-0.368501182220164,26.828,108.928,34.725,115.812,-0.114357112240853,44.097,166.676,53.18,210.619,-0.482858294461018,3.34402686895593,4.06023557477263,3.77975826019911,12.5,"Unbroken"
"64","E. Sambo","29","3","7","3","11","3D",8.118,33.176,7.223,14.18,36.574,18.336,66.27,21.48,73.219,102.965,54.356,180.056,51.166,294.289,232.836,0,0,0,13,0,"A","",9.5,18.5,6.957,51.739,243.123,10.218,33.094,14.257,44.782,-1.50790982715828,36.02,113.786,29.686,191.384,0.433860092148309,46.238,146.88,43.943,236.166,-1.07404973500997,3.23879428459581,3.15896724042199,3.17660798477443,9,"Unbroken"
"65","E. Sambo","30","3","44","8","14","3D",9.166,38.033,8.62,20.252,45.443,21.262,93.736,30.643,159.465,162.529,61.868,225.679,101.759,468.245,322.48,0,0,0,13,0,"A","",10.4,20.9,11.632,128.822,366.486,12.096,55.703,22.023,117.19,-1.35321155242398,40.606,131.943,71.116,237.664,-0.841190159286064,52.702,187.646,93.139,354.854,-2.19440171171005,4.60507605820106,3.24934738708565,3.56051003756973,10.5,"Unbroken"
"66","EDR","1","1","3","2","27","3D",4.693,19.098,3.019,6.524,22.007,4.619,25.857,5.942,17.995,40.541,25.649,102.569,19.507,97.31,115.849,0,0,0,13,1,"A","",6.8,5,3.505,12.053,77.803,-0.0739999999999998,6.759,2.923,8.548,-1.97437061072536,21.03,76.712,13.565,65.75,0.906496079210844,20.956,83.471,16.488,74.298,-1.06787453151452,-91.337837837838,3.64774132192107,3.9831551822867,-1.8,"Broken"
"67","EDR","4","1","31","5","27","3D",6.646,23.408,6.535,10.082,29.081,3.247,19.955,5.695,11.449,29.419,12.035,29.855,5.635,23.376,44.04,1,0,0,13,1,"A","",7,4.1,3.547,5.754,17.741,-3.399,-3.453,-0.84,2.207,-0.0779925477253909,8.788,9.9,-0.0600000000000005,11.987,1.79418581189776,5.389,6.447,-0.9,14.194,1.71619326417237,1.01588702559576,1.12653618570778,1.19632584895157,-2.9,"Broken"
"68","EDR","5","1","7","3","28","3D",10.097,40.458,9.646,22.884,48.548,15.373,62.457,24.07,46.667,71.666,24.765,67.688,16.75,63.834,89.095,0,0,0,13,0,"A","partial mortality",11.6,19.8,13.238,22.597,47.084,5.276,21.999,14.424,9.359,-1.59947060723177,9.392,5.231,-7.32,24.487,1.44626781340493,14.668,27.23,7.104,33.846,-0.153202793826843,4.16963608794541,0.556963373083475,1.85642214344151,8.2,"Unbroken"
"69","EDR","6","1","44","8","29","3D",4.849,23.887,5.63,12.494,33.032,1.253,15.245,4.499,7.367,27.599,12.385,42.336,9.025,32.581,55.85,0,0,0,13,1,"A","",5.5,1.3,6.864,2.868,23.556,-3.596,-8.642,-1.131,-3.996,-0.854275609697359,11.132,27.091,4.526,20.688,1.30243874446707,7.536,18.449,3.395,16.692,0.448163134769708,2.40322580645161,2.43361480416816,2.44811571125265,-4.2,"Broken"
"70","EDR","7","1","62","10","30","3D",9.5,34.036,7.962,16.639,37.299,0.558,9.552,1.778,3.49,18.29,4.816,19.851,6.281,11.937,34.367,0,0,0,13,1,"A","",9.6,1.1,8.677,1.712,5.656,-8.942,-24.484,-6.184,-6.965,1.09752313364748,4.258,10.299,4.503,3.944,-2.21184445957947,-4.684,-14.185,-1.681,-3.021,-1.11432132593199,2.73808991277119,2.41874119304838,3.02839453458582,-8.5,"Broken"
"71","EDR","9","1","50","9","29","3D",10.431,46.316,7.233,27.208,52.089,55.821,200.982,54.715,450.662,316.439,158.28,622.062,209.164,1774.978,766.994,0,0,0,13,0,"A","",11,56.3,19.975,395.947,1565.814,45.39,154.666,47.482,375.972,-2.73017642202341,102.459,421.08,154.449,1169.867,-0.699212797744075,147.849,575.746,201.931,1545.839,-3.42938921976748,3.40749063670412,4.10974145755863,3.89414875988339,45.3,"Unbroken"
"72","EDR","10","1","36","6","27","3D",5.683,25.804,6.918,10.071,28.828,10.284,53.147,15.766,50.933,80.744,34.012,146.759,40.762,174.922,165.507,0,0,0,13,0,"A","",5.5,10,3.153,35.167,134.16,4.601,27.343,8.848,32.014,-0.358991560476273,23.728,93.612,24.996,98.993,0.229399413455793,28.329,120.955,33.844,131.007,-0.12959214702048,5.94283851336666,3.94521240728253,4.26965300575382,4.5,"Unbroken"
"73","EDR","11","2","31","5","29","3D",13.117,35.282,9.747,25.412,50.996,40.079,132.264,33.503,218.378,192.296,5.911,44.9,8.999,32.546,61.352,0,0,0,13,1,"A","",12.9,32.9,15.665,184.875,23.547,26.962,96.982,23.756,169.21,0.328045122594385,-34.168,-87.364,-24.504,-161.328,1.04161770361501,-7.206,9.618,-0.747999999999999,7.882,1.3696628262094,3.59698835397968,2.55689534066963,-1.33472106577852,20,"Broken"
"74","EDR","15","2","41","7","30","3D",9.019,30.765,5.21,16.913,40.484,1.705,12.047,3.737,5.367,18.68,7.627,30.165,5.74,14.55,34.339,0,0,0,13,1,"A","",10.6,2,11.703,1.63,8.81,-7.314,-18.718,-1.473,-10.073,-2.68128154569879,5.922,18.118,2.003,7.18,2.03151762346401,-1.392,-0.600000000000001,0.53,-2.893,-0.64976392223478,2.55920153130982,3.05943937858831,0.431034482758622,-8.6,"Broken"
"75","EDR","18","2","7","3","29","3D",11.02,37.324,8.967,18.574,43.625,17.567,64.733,16.864,64.744,88.433,49.535,209.866,44.678,308.167,240.369,0,0,0,13,0,"A","",11.9,19.4,9.607,47.88,263.489,6.547,27.409,7.897,38.273,-0.323841362298488,31.968,145.133,27.814,215.609,0.858768901219632,38.515,172.542,35.711,253.882,0.534927538921144,4.18649763250344,4.5399461961962,4.47986498766714,7.5,"Unbroken"
"76","EDR","19","2","36","6","28","3D",6.32,20.433,4.399,8.192,25.624,2.959,29.401,8.723,19.851,45.832,6.011,76.812,25.032,56.489,81.399,0,0,0,13,1,"A","",7.1,2.3,3.793,11.128,31.457,-3.361,8.968,4.324,7.335,-1.2744045686704,3.052,47.411,16.309,20.329,-0.301962478054457,-0.309,56.379,20.633,27.664,-1.57636704672486,-2.66825349598334,15.5344036697248,-182.456310679612,-4.8,"Broken"
"77","EDR","20","2","44","8","28","3D",7.633,33.542,7.821,21.461,50.286,12.474,51.531,14.85,47.134,75.012,55.535,230.382,52.102,410.72,290.136,1,0,0,13,1,"A","",8.4,11.9,13.64,32.284,358.618,4.841,17.989,7.029,18.644,-0.818608873545583,43.061,178.851,37.252,326.334,0.951648634826249,47.902,196.84,44.281,344.978,0.133039761280665,3.71596777525305,4.15343350131209,4.10922299695211,3.5,"Broken"
"78","EDR","21","3","36","6","29","3D",9.55,35.168,9.047,18.397,45.879,12.313,43.505,13.381,38.559,65.291,32.243,136.874,36.263,177.75,176.052,1,0,0,13,1,"A","",9.6,13.9,9.35,25.178,141.487,2.763,8.337,4.334,15.828,-0.636003668888807,19.93,93.369,22.882,116.309,0.523229100919127,22.693,101.706,27.216,132.137,-0.11277456796968,3.01737242128122,4.68484696437531,4.4818225884634,4.3,"Broken"
"79","EDR","23","3","31","5","30","3D",12.011,35.74,9.554,25.215,51.595,44.729,130.446,36.538,219.84,196.362,125.356,268.198,48.487,561.32,354.041,0,0,0,13,0,"A","",10.7,45.6,15.661,183.302,512.833,32.718,94.706,26.984,167.641,-0.170695383127958,80.627,137.752,11.949,329.531,1.96119214764856,113.345,232.458,38.933,497.172,1.7904967645206,2.8946145852436,1.70850955635209,2.05088887908598,34.9,"Unbroken"
"80","EDR","26","3","3","2","29","3D",16.847,56.023,11.915,40.088,67.59,37.773,136.155,39.925,210.753,191.287,107.193,487.266,120.061,1068.912,541.81,0,0,0,13,0,"A","",16.4,42.2,28.173,170.828,948.851,20.926,80.132,28.01,142.655,-1.29161912114379,69.42,351.111,80.136,778.023,0.648217680954781,90.346,431.243,108.146,920.678,-0.643401440189013,3.82930325910351,5.05777873811582,4.77323843889049,25.8,"Unbroken"
"81","EDR","27","3","50","9","24","3D",21.925,69.814,16.726,47.958,74.728,51.138,163.868,48.808,270.862,232.317,114.061,526.127,149.129,1226.554,607.934,0,0,0,13,0,"A","",20.5,55,31.232,222.054,1077.425,29.213,94.054,32.082,190.822,-0.816580202801253,62.923,362.259,100.321,855.371,0.17059882281272,92.136,456.313,132.403,1046.193,-0.645981379988533,3.21959401636258,5.75717940975478,4.95260267430754,34.5,"Unbroken"
"82","EDR","28","3","41","7","29","3D",8.917,25.905,4.723,18.059,43.742,21.275,81.189,27.475,88.57,115.209,43.42,141.236,33.406,333.252,277.301,0,0,0,13,0,"A","",11.8,22.8,13.336,61.095,299.846,12.358,55.284,22.752,47.759,-2.52984766818795,22.145,60.047,5.931,238.751,1.27284960932574,34.503,115.331,28.683,286.51,-1.25699805886221,4.47353940767114,2.71153759313615,3.34263687215604,11,"Unbroken"
"83","EDR","29","3","1","1","28","3D",12.456,44.91,9.848,27.385,52.59,34.895,114.974,37.875,154.121,154.697,102.26,399.927,117.403,827.593,464.198,0,0,0,13,0,"A","",14.4,31.7,17.537,116.246,710.19,22.439,70.064,28.027,98.709,-1.5246996538809,67.365,284.953,79.528,593.944,0.370829010868856,89.804,355.017,107.555,692.653,-1.15387064301205,3.12242078523998,4.22998589772137,3.95324261725536,17.3,"Unbroken"
"84","Looe Key","2","1","3","2","3","3D",8.66,38.515,9.06,20.434,45.263,1.562,8.847,2.065,3.324,13.228,9.144,26.07,5.485,16.998,36.008,1,0,0,13,1,"A","",9.6,2.1,11.374,1.259,11.513,-7.098,-29.668,-6.995,-10.115,0.0331577484512717,7.582,17.223,3.42,10.254,0.468701124131188,0.484,-12.445,-3.575,0.139000000000001,0.50185887258246,4.17976894899972,2.2715642310736,-25.7128099173554,-7.5,"Broken"
"85","Looe Key","4","1","31","5","1","3D",7.818,29.072,5.566,13.197,34,11.304,43.192,9.627,35.669,61.122,29.093,90.721,22.457,116.919,130.245,0,0,0,13,0,"A","",9.3,11.2,7.631,26.042,94.462,3.486,14.12,4.061,18.411,-0.736592246153424,17.789,47.529,12.83,68.42,-0.446783365713811,21.275,61.649,16.891,86.831,-1.18337561186723,4.0504876649455,2.6718196638372,2.89772032902468,1.9,"Unbroken"
"86","Looe Key","5","1","50","9","1","3D",8.547,40.71,8.575,24.921,54.798,2.227,13.339,3.811,6.223,19.224,11.974,31.767,6.199,20.41,39.942,0,0,0,13,1,"A","",9.7,2.6,16.346,2.412,14.211,-6.32,-27.371,-4.764,-13.934,-1.24739066672889,9.747,18.428,2.388,11.799,1.62440501635831,3.427,-8.943,-2.376,-2.135,0.377014349629419,4.33085443037975,1.89063301528675,-2.60957105339948,-7.1,"Broken"
"87","Looe Key","8","1","1","1","3","3D",7.276,37.988,11.971,22.017,46.816,2.095,19.122,5.475,10.659,29.384,7.924,22.894,5.377,9.182,23.928,0,0,0,13,1,"A","",6.7,2.2,10.046,5.184,3.805,-5.181,-18.866,-6.496,-4.862,0.319267178787092,5.829,3.772,-0.0979999999999999,-1.379,0.76516181299854,0.648000000000001,-15.094,-6.594,-6.241,1.08442899178563,3.64138197259216,0.647109281180305,-23.2932098765432,-4.5,"Broken"
"88","Looe Key","9","1","7","3","2","3D",8.106,27.389,8.522,16.31,37.716,0.532,4.106,0.802,1.075,6.389,4.878,11.444,2.969,4.866,16.103,0,0,0,13,1,"A","",6.9,1.3,7.788,0.273,1.897,-7.574,-23.283,-7.72,-7.515,1.90578382721909,4.346,7.338,2.167,1.624,-1.26520428467397,-3.228,-15.945,-5.553,-5.891,0.640579542545126,3.0740691840507,1.68844914864243,4.93959107806691,-5.6,"Broken"
"89","Looe Key","11","2","7","3","1","3D",11.296,40.351,13.845,27.512,55.342,21.559,91.812,25.234,147.681,155.293,0.1,4.123,0,0,4.123,0,0,0,13,1,"A","",10.7,24.5,13.667,122.447,0,10.263,51.461,11.389,108.78,0.723942585732681,-21.459,-87.689,-25.234,-122.447,Inf,-11.196,-36.228,-13.845,-13.667,Inf,5.01422585988502,4.08635071531758,3.23579849946409,13.8,"Broken"
"90","Looe Key","12","2","1","1","1","3D",8.359,34.854,10.422,23.343,48.866,19.484,67.379,18.801,71.88,95.768,24.851,93.06,22.87,75.55,96.528,0,0,0,13,0,"A","partial mortality",6.4,20.1,12.921,53.079,52.68,11.125,32.525,8.379,40.158,0.23952700123712,5.367,25.681,4.069,-0.399000000000001,0.485287404936898,16.492,58.206,12.448,39.759,0.724814406174017,2.92359550561798,4.78498229923607,3.52934756245452,13.7,"Unbroken"
"91","Looe Key","13","2","41","7","3","3D",4.481,16.077,3.265,5.953,19.951,11.418,40.104,10.809,39.369,68.1,27.693,75.169,20.01,88.227,109.742,0,0,0,13,0,"A","",6.4,11.7,2.688,28.56,68.217,6.937,24.027,7.544,25.872,-1.21380141357445,16.275,35.065,9.201,39.657,0.0463302486974659,23.212,59.092,16.745,65.529,-1.16747116487698,3.46360098025083,2.15453149001536,2.54575219713941,5.3,"Unbroken"
"92","Looe Key","14","2","13","4","3","3D",6.102,23.174,4.996,10.162,28.44,1.696,9.875,3.232,4.106,15.071,3.089,6.023,0.912,2.147,9.123,0,0,0,13,1,"A","",7.8,1.8,5.166,0.874,1.235,-4.406,-13.299,-1.764,-4.292,-1.58312714528058,1.393,-3.852,-2.32,0.361,3.54878300330033,-3.013,-17.151,-4.084,-3.931,1.96565585801975,3.01838402178847,-2.76525484565686,5.69233322270163,-6,"Broken"
"93","Looe Key","15","2","31","5","2","3D",3.597,13.672,2.338,4.874,17.219,3.794,19.704,5.53,12.313,31.771,18.583,56.486,17.067,51.34,75.097,0,0,0,13,1,"A","",4.4,4,2.536,6.783,34.273,0.197,6.032,3.192,4.247,-2.28462279780403,14.789,36.782,11.537,27.49,-0.253448386748493,14.986,42.814,14.729,31.737,-2.53807118455252,30.6192893401015,2.48711880451687,2.85693313759509,-0.4,"Broken"
"94","Looe Key","16","2","3","2","2","3D",13.395,48.462,11.756,37.445,64.814,26.617,94.974,28.33,148.006,155.217,56.254,227.458,80.22,394.448,281.018,0,0,0,13,1,"A","",13.4,27,25.689,119.676,314.228,13.222,46.512,16.574,93.987,-0.76990258566136,29.637,132.484,51.89,194.552,-0.516990357350326,42.859,178.996,68.464,288.539,-1.28689294301169,3.51777340795644,4.47022303202078,4.17639235633123,13.6,"Broken"
"95","Looe Key","19","2","44","8","4","3D",7.68,32.809,6.836,14.51,37.231,9.038,36.278,12.951,29.823,54.599,26.26,91.045,37.788,99.793,113.47,1,0,0,13,1,"A","",8.8,8.1,7.674,16.872,62.005,1.358,3.469,6.115,9.198,-1.998270464824,17.222,54.767,24.837,45.133,-0.391810893879289,18.58,58.236,30.952,54.331,-2.39008135870329,2.55449189985272,3.18006038787597,3.13433799784715,-0.700000000000001,"Broken"
"96","Looe Key","20","2","50","9","2","3D",13.52,67.59,17.599,50.891,79.052,42.731,170.894,50.069,360.22,292.25,74.48,296.57,102.497,626.445,427.274,0,0,0,13,0,"A","",13.8,45.8,33.292,310.151,523.948,29.211,103.304,32.47,276.859,-0.427389297036809,31.749,125.676,52.428,213.797,-0.51971928562481,60.96,228.98,84.898,490.656,-0.947108582661619,3.53647598507412,3.95842388736653,3.75623359580052,32,"Unbroken"
"97","Looe Key","22","3","44","8","3","3D",4.069,22.917,5.686,9.277,26.232,1.199,11.972,3.966,4.983,17.586,6.249,15.734,4.844,7.681,21.753,1,0,0,13,1,"A","",5.4,1.6,3.591,1.017,2.837,-2.87,-10.945,-1.72,-2.574,-1.01176700866972,5.05,3.762,0.878,1.82,0.229483433295314,2.18,-7.183,-0.842,-0.754,-0.782283575374405,3.81358885017422,0.744950495049505,-3.29495412844037,-3.8,"Broken"
"98","Looe Key","28","3","36","6","3","3D",6.932,26.616,5.895,12.08,33.227,0.495,7.27,1.299,2.063,12.157,0.1,3.25,0,0,3.25,1,0,0,13,2,"A","",8.5,0.7,6.185,0.764,0,-6.437,-19.346,-4.596,-5.421,1.08160005641451,-0.395,-4.02,-1.299,-0.764,Inf,-6.832,-23.366,-5.895,-6.185,Inf,3.00543731551965,10.1772151898734,3.42008196721311,-7.8,"Broken"
"99","Looe Key","29","3","7","3","3","3D",8.22,28.178,8.829,20.65,45.365,19.397,70.104,21.439,79.73,101.898,46.125,163.882,59.734,229.903,197.337,1,0,0,13,1,"A","",8.8,19.2,11.821,58.291,170.169,11.177,41.926,12.61,46.47,0.0784007153744324,26.728,93.778,38.295,111.878,-0.526398986624492,37.905,135.704,50.905,158.348,-0.447998271250059,3.75109600071576,3.50860520802155,3.58010816514972,10.4,"Broken"
"100","Looe Key","30","3","3","2","1","3D",8.209,35.154,8.608,20.387,46.495,4.605,27.699,8.23,21.102,45.051,14.427,50.556,16.243,46.013,71.358,0,0,0,13,1,"A","",8.9,3.6,11.779,12.872,29.77,-3.604,-7.455,-0.378,1.093,-0.718261855935534,9.822,22.857,8.013,16.898,-0.253134386929851,6.218,15.402,7.635,17.991,-0.971396242865385,2.06853496115427,2.32712278558338,2.47700225152782,-5.3,"Broken"
"101","Marker 32","1","1","50","9","25","3D",5.76,28.913,6.987,11.708,30.51,34.227,124.509,28.172,212.69,192.248,139.295,513.038,146.201,1236.274,592.41,0,0,0,13,0,"A","",6.6,34.4,4.721,184.518,1090.073,28.467,95.596,21.185,179.797,0.281487382675206,105.068,388.529,118.029,905.555,-0.91047317774885,133.535,484.125,139.214,1085.352,-0.628985795073643,3.35813397969579,3.69788137206381,3.62545400082375,27.8,"Unbroken"
"102","Marker 32","2","1","44","8","26","3D",8.093,33.425,8.163,19.186,44.333,20.768,74.506,21.463,103.298,125.053,69.825,272.908,83.884,535.008,346.65,0,0,0,13,0,"A","",10,22.5,11.023,81.835,451.124,12.675,41.081,13.3,70.812,-0.623326244335061,49.057,198.402,62.421,369.289,-0.217971784274978,61.732,239.483,75.721,440.101,-0.841298028610039,3.24110453648915,4.04431579591088,3.87939804315428,12.5,"Unbroken"
"103","Marker 32","3","1","36","6","24","3D",6.455,32.361,9.641,16.325,39.818,21.039,87.873,30.605,128.679,148.404,48.134,187.898,77.68,353.985,278.319,0,0,0,13,0,"A","",6.3,21,6.684,98.074,276.305,14.584,55.512,20.964,91.39,-0.485404495493764,27.095,100.025,47.075,178.231,-0.452325220144188,41.679,155.537,68.039,269.621,-0.937729715637952,3.80636313768513,3.69164052408193,3.73178339211593,14.7,"Unbroken"
"104","Marker 32","5","1","41","7","24","3D",4.482,18.016,3.253,10.316,29.406,15.758,51.814,10.993,53.105,84.701,44.115,121.514,25.958,239.868,211.36,0,0,0,13,0,"A","",6.2,16.9,7.063,42.112,213.91,11.276,33.798,7.74,35.049,-0.824909314758583,28.357,69.7,14.965,171.798,-0.0321857628274351,39.633,103.498,22.705,206.847,-0.857095077586018,2.99733948208585,2.45794689142011,2.61140968384932,10.7,"Unbroken"
"105","Marker 32","6","1","3","2","24","3D",4.69,20.433,3.632,7.33,23.591,17.436,67.543,17.338,80.071,103.312,54.287,191.445,69.366,309.933,240.775,0,0,0,13,0,"A","",6.1,20.9,3.698,62.733,240.567,12.746,47.11,13.706,59.035,-1.73016328499494,36.851,123.902,52.028,177.834,-1.1357370942232,49.597,171.012,65.734,236.869,-2.86590037921814,3.69606150949318,3.36224254430002,3.44803113091518,14.8,"Unbroken"
"106","Marker 32","7","1","13","4","25","3D",4.268,10.982,2.224,3.902,15.361,8.503,32.116,7.972,30.391,55.836,19.452,60.983,12.797,77.119,99.369,1,0,0,13,1,"A","",6.2,11.5,1.678,22.419,64.322,4.235,21.134,5.748,20.741,-0.909349539936541,10.949,28.867,4.825,41.903,0.736813668500846,15.184,50.001,10.573,62.644,-0.172535871435695,4.99031877213695,2.63649648369714,3.29300579557429,5.3,"Broken"
"107","Marker 32","8","1","62","10","23","3D",9.83,37.709,9.923,22.26,NA,35.8,139.914,46.829,259.246,224.048,102.706,362.735,114.954,911.682,519.405,0,0,0,13,0,"A","",9.3,36.4,12.337,212.417,796.728,25.97,102.205,36.906,200.08,-0.81239724916214,66.906,222.821,68.125,584.311,0.16771559073973,92.876,325.026,105.031,784.391,-0.644681658422409,3.93550250288795,3.33035901114997,3.49956931823076,27.1,"Unbroken"
"108","Marker 32","9","1","7","3","25","3D",4.763,25.433,6.236,9.562,26.914,14.069,51.173,15.122,56.539,82.538,43.034,150.454,56.503,224.062,191.815,0,0,0,13,0,"A","",5.9,17.1,3.326,41.417,167.559,9.306,25.74,8.886,38.091,-0.694405599477891,28.965,99.281,41.381,126.142,-0.721248782267345,38.271,125.021,50.267,164.233,-1.41565438174524,2.76595744680851,3.42761954082513,3.26672937733532,11.2,"Unbroken"
"109","Marker 32","10","1","31","5","24","3D",11.717,32.173,8.194,18.454,44.053,1.697,14.261,3.895,6.798,25.968,19.916,70.332,12.697,47.286,74.392,0,0,0,13,1,"A","",11,2.2,10.26,2.903,34.589,-10.02,-17.912,-4.299,-7.357,-0.265048849106222,18.219,56.071,8.802,31.686,1.87790052394292,8.199,38.159,4.503,24.329,1.61285167483669,1.787624750499,3.07761128492233,4.65410415904378,-8.8,"Broken"
"110","Marker 32","11","2","31","5","26","3D",10.01,30.585,7.632,20.057,44.845,0.57,3.992,0.955,1.177,7.895,10.262,26.253,5.43,14.388,33.21,1,0,0,13,1,"A","",9.7,1,12.425,0.222,8.958,-9.44,-26.593,-6.677,-12.203,0.172636158582765,9.692,22.261,4.475,8.736,0.654701917792369,0.252000000000001,-4.332,-2.202,-3.467,0.827338076375135,2.81705508474576,2.29684275691292,-17.1904761904761,-8.7,"Broken"
"111","Marker 32","12","2","36","6","25","3D",5.661,23.075,5.607,10.721,29.528,10.114,58.596,17.3,75.276,104.528,40.554,181.742,74.262,295.531,236.058,0,0,0,13,0,"A","",5.7,9.5,5.114,57.976,221.269,4.453,35.521,11.693,52.862,-0.72833945182065,30.44,123.146,56.962,163.293,-0.939743843971889,34.893,158.667,68.655,216.155,-1.66808329579254,7.97686952616214,4.04553219448095,4.54724443298083,3.8,"Unbroken"
"112","Marker 32","13","2","3","2","26","3D",6.583,28.745,5.727,12.302,34.411,10.511,30.354,8.453,22.629,45.045,34.509,87.331,18.709,85.558,104.665,0,0,0,13,1,"A","",7.6,10.8,6.575,14.176,66.849,3.928,1.609,2.726,7.601,-1.42829279560183,23.998,56.977,10.256,52.673,1.0769459198124,27.926,58.586,12.982,60.274,-0.351346875789427,0.409623217922607,2.37423951996,2.09790159707799,3.2,"Broken"
"113","Marker 32","15","2","44","8","27","3D",10.864,32.577,8.13,13.664,36.963,1.366,12.557,2.647,5.987,21.074,34.604,112.252,23.674,111.369,124.334,0,0,0,13,1,"A","",8.2,3.3,5.534,3.34,87.695,-9.498,-20.02,-5.483,-2.194,0.736849904577626,33.238,99.695,21.027,84.355,-0.00228794098046237,23.74,79.675,15.544,82.161,0.734561963597164,2.10781217098336,2.99942836512426,3.356149957877,-4.9,"Broken"
"114","Marker 32","16","2","62","10","27","3D",5.203,21.872,4.687,7.46,23.247,10.742,51.407,16.128,54.804,82.342,31.969,141.164,56.113,196.646,178.344,0,0,0,13,0,"A","",7,12,2.773,38.676,140.533,5.539,29.535,11.441,35.903,-1.47908643324071,21.227,89.757,39.985,101.857,-0.671728623871997,26.766,119.292,51.426,137.76,-2.15081505711271,5.33218992597942,4.22843548311113,4.45684824030486,5,"Unbroken"
"115","Marker 32","18","2","41","7","27","3D",7.475,27.097,5.051,15.341,36.547,24.014,79.878,21.86,105.807,123.762,41.515,122.691,25.982,169.632,166.002,0,0,0,13,0,"A","",8.7,26.9,10.29,83.947,143.65,16.539,52.781,16.809,73.657,-1.7106088981139,17.501,42.813,4.122,59.703,1.06808243556328,34.04,95.594,20.931,133.36,-0.642526462550616,3.19130539935909,2.4463173532941,2.80828437132785,18.2,"Unbroken"
"116","Marker 32","21","3","36","6","26","3D",9.049,38.181,10.241,18.979,45.191,15.694,76.375,22.036,96.501,122.527,49.123,209.874,96.528,380.549,274.554,0,0,0,13,0,"A","",8.6,16.2,8.738,74.465,284.021,6.645,38.194,11.795,65.727,-0.262329789803971,33.429,133.499,74.492,209.556,-1.29169016542615,40.074,171.693,86.287,275.283,-1.55401995523012,5.74778028592927,3.99350863023124,4.28439886210511,7.6,"Unbroken"
"117","Marker 32","23","3","13","4","27","3D",3.64,10.287,1.978,3.318,14.209,1.519,7.949,2.176,3.271,12.891,8.596,24.441,5.872,15.83,36.414,0,0,0,13,1,"A","",5.3,2,1.34,1.095,9.958,-2.121,-2.338,0.198,-0.245,-1.54767469740677,7.077,16.492,3.696,8.863,0.509262552091682,4.956,14.154,3.894,8.618,-1.03841214531509,1.1023102310231,2.33036597428289,2.85593220338983,-3.3,"Broken"
"118","Marker 32","26","3","44","8","25","3D",8.833,40.482,10.056,27.709,58.021,24.576,92.505,24.769,116.122,134.805,61.175,211.667,68.096,367.999,276.959,0,0,0,13,0,"A","",9.4,25.3,17.653,91.353,299.903,15.743,52.023,14.713,73.7,-0.290947616116112,36.599,119.162,43.327,208.55,-0.626346983842168,52.342,171.185,58.04,282.25,-0.91729459995828,3.3045162929556,3.25588130823247,3.2705093424019,15.9,"Unbroken"
"119","Marker 32","28","3","62","10","26","3D",6.2,27.015,6.772,11.809,31.253,14.673,64.002,20.117,74.459,100.155,50.153,170.054,61.404,252.71,213.95,0,0,0,13,0,"A","",5.4,16,5.037,54.342,191.306,8.473,36.987,13.345,49.305,-0.807732025477302,35.48,106.052,41.287,136.964,-0.41205959176988,43.953,143.039,54.632,186.269,-1.21979161724718,4.36527794169716,2.98906426155581,3.25436261461106,10.6,"Unbroken"
"120","Marker 32","29","3","3","2","25","3D",9.697,37.05,7.85,19.385,43.789,4.061,20.43,4.506,11.896,30.639,11.581,43.684,15.138,36.218,60.562,0,0,0,13,1,"A","",7.7,4.6,11.535,7.39,21.08,-5.636,-16.62,-3.344,-4.145,-0.185790495899311,7.52,23.254,10.632,13.69,-1.64823666652065,1.884,6.634,7.288,9.545,-1.83402716241996,2.94889992902768,3.09228723404255,3.52123142250531,-3.1,"Broken"
"121","Marker 32","30","3","31","5","25","3D",6.441,29.383,9.253,17.925,39.434,28.53,95.727,23.119,120.656,130.821,59.036,153.14,30.432,311.321,252.022,0,0,0,13,0,"A","",6.2,28.1,8.672,97.537,280.889,22.089,66.344,13.866,88.865,0.965109623846626,30.506,57.413,7.313,183.352,0.891582675226411,52.595,123.757,21.179,272.217,1.85669229907304,3.00348589795826,1.88202320854914,2.35301834775169,21.9,"Unbroken"
"122","Maryland Shoals","1","1","31","5","22","3D",13.515,36.531,10.075,26.256,52.962,0.14,0.396,0.009,0.037,0.837,0.835,1.89,0.206,0.477,3.663,1,0,0,13,1,"A","",12.5,NA,16.181,0.028,0.271,-13.375,-36.135,-10.066,-16.153,40.374094292804,0.695,1.494,0.197,0.243,-34.8252427184466,-12.68,-34.641,-9.869,-15.91,5.54885157435737,2.70168224299065,2.14964028776978,2.73194006309148,NA,"Broken"
"123","Maryland Shoals","2","1","41","7","22","3D",11.637,41.405,8.592,37.957,65.811,30.554,108.502,25.905,166.564,167.744,50.952,170.283,35.859,338.349,261.189,0,0,0,13,1,"A","",13.5,29.4,29.365,140.659,302.49,18.917,67.097,17.313,111.294,-0.630559864200845,20.398,61.781,9.954,161.831,0.560224512487329,39.315,128.878,27.267,273.125,-0.0703353517135161,3.5469154728551,3.02877733111089,3.27808724405443,15.9,"Broken"
"124","Maryland Shoals","3","1","3","2","23","3D",8.941,30.089,6.352,13.83,34.559,4.266,23.032,5.683,13.071,35.303,20.003,59.999,12.591,44.071,67.486,1,0,0,13,1,"A","",8.4,3,7.478,7.388,31.48,-4.675,-7.057,-0.669,-0.0899999999999999,-0.684144229486413,15.737,36.967,6.908,24.092,0.712440112035761,11.062,29.91,6.239,24.002,0.0282958825493482,1.50951871657754,2.34905000953168,2.7038510215151,-5.4,"Broken"
"125","Maryland Shoals","4","1","50","9","23","3D",8.34,33.684,7.089,14.671,37.736,11.679,27.116,6.841,11.782,28.497,32.56,87.072,18.33,79.853,102.887,0,0,0,13,0,"A","",9.4,7.5,7.582,4.941,61.523,3.339,-6.568,-0.248,-2.641,-0.787838975661607,20.881,59.956,11.489,56.582,0.786497509121737,24.22,53.388,11.241,53.941,-0.00134146653986988,-1.96705600479185,2.87131842344715,2.20429397192403,-1.9,"Unbroken"
"126","Maryland Shoals","5","1","62","10","22","3D",7.494,25.656,6.78,12.46,NA,1.594,11.815,3.289,4.901,17.966,6.317,21.977,5.67,11.73,29.821,0,0,0,13,1,"A","",9.3,7.3,5.68,1.612,6.06,-5.9,-13.841,-3.491,-4.068,-0.191793508530715,4.723,10.162,2.381,4.448,0.283736821417981,-1.177,-3.679,-1.11,0.38,0.091943312887266,2.34593220338983,2.15159856023714,3.12574341546304,-2,"Broken"
"127","Maryland Shoals","6","1","13","4","23","3D",3.929,14.12,3.37,4.862,17.982,2.609,23.489,5.583,15.659,39.248,15.906,43.455,8.448,32.656,54.962,0,0,0,13,1,"A","",5.1,7.3,1.492,10.076,24.208,-1.32,9.369,2.213,8.584,0.0173252736821352,13.297,19.966,2.865,14.132,0.936584769816651,11.977,29.335,5.078,22.716,0.953910043498786,-7.09772727272727,1.50154170113559,2.4492777824163,2.2,"Broken"
"128","Maryland Shoals","7","1","36","6","22","3D",7.795,28.472,6.696,12.194,34.784,7.052,43.539,12.328,36.133,62.358,2.702,5.246,1.13,1.52,7.475,1,0,0,13,1,"A","",7.8,6.7,5.498,23.805,0.39,-0.743,15.067,5.632,18.307,-0.720374382567449,-4.35,-38.293,-11.198,-23.415,1.11076145819575,-5.093,-23.226,-5.566,-5.108,0.390387075628298,-20.278600269179,8.80298850574713,4.56037698802278,-1.1,"Broken"
"129","Maryland Shoals","8","1","7","3","22","3D",8.827,34.529,8.147,16.23,38.613,23.617,87.375,21.881,113.636,131.309,47.572,176.905,43.137,309.947,251.775,0,0,0,13,0,"A","",6.9,21.7,8.083,91.755,266.81,14.79,52.846,13.734,83.672,-0.245056768367244,23.955,89.53,21.256,175.055,0.107813339464871,38.745,142.376,34.99,258.727,-0.137243428902374,3.57308992562542,3.7374243372991,3.67469350883985,14.8,"Unbroken"
"130","Maryland Shoals","9","1","44","8","24","3D",7.651,32.949,7.526,14.874,38.178,8.042,39.764,12.483,32.178,58.016,37.059,146.019,40.467,165.381,156.961,1,0,0,13,1,"A","",8.8,11.9,7.348,19.695,124.914,0.391,6.815,4.957,12.347,-1.19257063909335,29.017,106.255,27.984,105.219,0.422895327429573,29.408,113.07,32.941,117.566,-0.769675311663776,17.4296675191816,3.6618189337285,3.84487214363439,3.1,"Broken"
"131","Maryland Shoals","10","1","1","1","23","3D",5.731,36.628,13.794,21.162,44.599,11.155,34.901,9.429,21.66,44.641,0.1,2,0,0,2,0,0,0,13,1,"A","",6.6,8.6,7.368,12.231,0,5.424,-1.727,-4.365,4.863,1.04609556249032,-11.055,-32.901,-9.429,-12.231,Inf,-5.631,-34.628,-13.794,-7.368,Inf,-0.318399705014749,2.97611940298507,6.14952939087196,2,"Broken"
"132","Maryland Shoals","11","2","62","10","21","3D",8.16,33.98,8.96,19.04,NA,10.501,51.527,16.542,54.494,82.291,28.665,129.387,48.02,181.83,169.068,0,0,0,13,0,"A","",9.8,11,10.08,37.952,133.81,2.341,17.547,7.582,27.872,-0.677491115688204,18.164,77.86,31.478,95.858,-0.420479781854486,20.505,95.407,39.06,123.73,-1.09797089754269,7.49551473729176,4.28650077075534,4.65286515484028,1.2,"Unbroken"
"133","Maryland Shoals","12","2","41","7","21","3D",12.059,42.598,8.748,31.767,59.156,0.492,2.459,0.614,0.847,6.217,0.1,2.5,0,0,2.5,1,0,0,13,1,"A","",14,0.4,23.019,0.233,0,-11.567,-40.139,-8.134,-22.786,-0.864569882143374,-0.392,0.0409999999999999,-0.614,-0.233,Inf,-11.959,-40.098,-8.748,-23.019,Inf,3.47013054378836,-0.104591836734694,3.3529559327703,-13.6,"Broken"
"134","Maryland Shoals","13","2","44","8","23","3D",11.141,39.771,10.867,23.912,49.402,1.33,18.619,5.532,8.648,34.707,14.305,53.142,15.187,37.116,63.934,0,0,0,13,1,"A","",12.2,1.4,13.045,3.116,21.929,-9.811,-21.152,-5.335,-9.929,-0.294105183949949,12.975,34.523,9.655,18.813,0.133486399797445,3.164,13.371,4.32,8.884,-0.160618784152504,2.15594740597289,2.66073217726397,4.22597977243995,-10.8,"Broken"
"135","Maryland Shoals","14","2","13","4","22","3D",4.063,11.077,2.372,3.788,15.895,7.818,30.214,8,25.636,50.617,25.632,83.544,17.349,81.584,106.178,0,0,0,13,0,"A","",5.9,7.3,1.416,17.636,64.235,3.755,19.137,5.628,16.22,-0.893148819561552,17.814,53.33,9.349,46.599,1.03874368839703,21.569,72.467,14.977,62.819,0.145594868835474,5.09640479360852,2.99371281014932,3.35977560387593,1.4,"Unbroken"
"136","Maryland Shoals","15","2","50","9","22","3D",10.629,42.482,8.373,19.652,44.858,13.589,55.184,14.18,60.51,89.638,32.995,113.549,23.023,115.308,128.231,1,0,0,13,1,"A","",10.9,12.8,11.279,46.33,92.285,2.96,12.702,5.807,35.051,-1.18201081891101,19.406,58.365,8.843,45.955,1.04030264210555,22.366,71.067,14.65,81.006,-0.141708176805461,4.29121621621621,3.0075749768113,3.17745685415363,1.9,"Broken"
"137","Maryland Shoals","16","2","1","1","22","3D",9.912,35.236,6.348,20.026,43.697,4.693,20.852,7.205,12.651,33.989,19.25,55.725,12.236,39.151,61.26,1,0,0,13,1,"A","",10.3,3.9,13.678,5.446,26.915,-5.219,-14.384,0.857,-8.232,-2.65662331915236,14.557,34.873,5.031,21.469,1.66008305544963,9.338,20.489,5.888,13.237,-0.996540263702735,2.75608354090822,2.39561722882462,2.19415292353823,-6.4,"Broken"
"138","Maryland Shoals","17","2","3","2","22","3D",10.183,37.444,7.428,21.612,45.019,23.226,85.671,23.116,122.144,133.812,52.905,204.491,60.219,312.576,247.135,0,0,0,13,0,"A","",13.1,25.9,14.184,99.028,252.357,13.043,48.227,15.688,84.844,-1.33479194580716,29.679,118.82,37.103,153.329,-0.310345574725391,42.722,167.047,52.791,238.173,-1.64513752053255,3.69753890976002,4.00350416119141,3.91009316043256,12.8,"Unbroken"
"139","Maryland Shoals","18","2","36","6","21","3D",9.603,39.809,13.388,26.073,56.462,8.878,55.997,21.907,58.512,89.494,21.374,107.908,40.808,124.438,137.915,0,0,0,13,0,"A","",10.6,8.5,12.685,36.605,83.63,-0.725,16.188,8.519,23.92,-0.417360103304393,12.496,51.911,18.901,47.025,0.0881618207716968,11.771,68.099,27.42,70.945,-0.329198282532696,-22.328275862069,4.15420934699104,5.78531985387818,-2.1,"Unbroken"
"140","Maryland Shoals","19","2","31","5","21","3D",9.38,37.611,12.62,26.903,53.295,18.621,70.46,22.838,77.862,103.354,38.397,134.509,32.51,199.295,186.03,0,0,0,13,0,"A","",8.7,18.9,14.283,55.024,166.785,9.241,32.849,10.218,40.741,0.104939448793118,19.776,64.049,9.672,111.761,1.05225653284072,29.017,96.898,19.89,152.502,1.15719598163384,3.55470187209177,3.23872370550162,3.3393527931902,10.2,"Unbroken"
"141","Maryland Shoals","20","2","7","3","21","3D",10.526,35.249,7.892,19.006,40.932,21.564,79.473,25.043,113.769,130.484,41.097,152.014,39.529,225.623,199.738,0,0,0,13,0,"A","",9.7,20,11.114,88.726,186.094,11.038,44.224,17.151,77.612,-1.29296004688459,19.533,72.541,14.486,97.368,0.672170674605834,30.571,116.765,31.637,174.98,-0.620789372278755,4.00652292081899,3.71376644652639,3.81946943181446,10.3,"Unbroken"
"142","Maryland Shoals","22","3","1","1","21","3D",5.516,25.61,5.859,11.17,29.69,7.896,29.352,6.751,13.758,33.616,9.319,39.627,10.822,62.888,110.354,0,0,0,13,0,"A","",6,1.4,5.311,7.007,52.066,2.38,3.742,0.892,1.696,-0.0232527548528525,1.423,10.275,4.071,45.059,-0.686092693277389,3.803,14.017,4.963,46.755,-0.709345448130241,1.57226890756303,7.22066057624736,3.68577438864055,-4.6,"Unbroken"
"143","W. Sambo","1","1","1","1","14","3D",8.249,28.108,9.084,16.411,37.293,15.019,60.656,16.841,53.778,81.779,42.506,127.459,41.103,145.083,154.091,1,0,0,13,1,"A","",8.5,22.3,7.327,36.937,103.98,6.77,32.548,7.757,29.61,0.507454744639237,27.487,66.803,24.262,67.043,-0.500720494428944,34.257,99.351,32.019,96.653,0.00673425021029272,4.80768094534712,2.43034889220359,2.90016638935108,13.8,"Broken"
"144","W. Sambo","2","1","7","3","14","3D",6.314,23.333,5.219,8.72,25.498,13.566,54.599,16.641,49.522,76.396,51.274,212.574,95.116,359.043,263.569,1,0,0,13,1,"A","",7.5,19.5,3.501,32.881,263.927,7.252,31.266,11.422,29.38,-1.18978711407942,37.708,157.975,78.475,231.046,-1.0461005970895,44.96,189.241,89.897,260.426,-2.23588771116892,4.31136238279095,4.18942929882253,4.20909697508897,12,"Broken"
"145","W. Sambo","3","1","62","10","16","3D",10.431,48.643,18.619,31.953,57.449,21.044,93.458,32.921,119.512,139.807,45.611,171.158,69.121,305.271,247.755,0,0,0,13,0,"A","",9.2,18.8,13.334,86.591,236.15,10.613,44.815,14.302,73.257,0.226310333197288,24.567,77.7,36.2,149.559,-0.362648268656347,35.18,122.515,50.502,222.816,-0.136337935459058,4.22265146518421,3.16277933813652,3.48251847640705,9.6,"Unbroken"
"146","W. Sambo","6","1","3","2","17","3D",8.067,37.246,8.823,17.27,42.642,33.8279,142.047,45.927,232.763,209.008,47.053,219.821,72.938,361.855,270.18,0,0,0,13,0,"A","",8.5,35.9,8.447,186.836,288.917,25.7609,104.801,37.104,178.389,-1.12858008399963,13.2251,77.774,27.011,102.081,-0.0790802909299293,38.986,182.575,64.115,280.47,-1.20766037492956,4.06821966623837,5.88078729083334,4.68309136613143,27.4,"Unbroken"
"147","W. Sambo","7","1","36","6","16","3D",4.537,16.049,4.052,5.796,19,7.626,44.598,16.94,43.174,71.416,20.086,69.126,31.989,90.515,112.803,0,0,0,13,0,"A","",4.5,9.2,1.744,26.234,58.526,3.089,28.549,12.888,24.49,-1.32805645848363,12.46,24.528,15.049,32.292,-0.471773340178957,15.549,53.077,27.937,56.782,-1.79982979866259,9.24214956296536,1.9685393258427,3.41353141681137,4.7,"Unbroken"
"148","W. Sambo","10","1","41","7","16","3D",10.582,32.065,8.376,18.016,42.042,28.592,97.994,31.388,134.087,153.2,61.086,200.834,52.739,366.063,281.615,0,0,0,13,0,"A","",15.3,30.8,9.64,102.699,313.324,18.01,65.929,23.012,93.059,-0.706178463374697,32.494,102.84,21.351,210.625,0.68605256695298,50.504,168.769,44.363,303.684,-0.0201258964217166,3.66068850638534,3.16489198005786,3.34169570727071,15.5,"Unbroken"
"149","W. Sambo","11","2","62","10","15","3D",12.187,50.205,16.536,35.214,64.756,24.943,99.174,36.486,134.885,145.082,2.272,31.108,11.544,20.101,51.51,0,0,0,13,1,"A","",13.4,26,18.678,98.399,8.557,12.756,48.969,19.95,79.721,-0.31796458382709,-22.671,-68.066,-24.942,-89.842,-0.0234052693352154,-9.915,-19.097,-4.992,-10.121,-0.341369853162306,3.83889934148636,3.00233778836399,1.92607160867373,12.6,"Broken"
"150","W. Sambo","12","2","3","2","16","3D",6.805,34.666,9.01,16.095,38.923,12.95,56.926,19.329,64.523,90.397,16.621,97.417,53.583,122.775,134.985,0,0,0,13,0,"A","",7.5,14.5,7.085,45.194,69.192,6.145,22.26,10.319,38.109,-0.902394388332323,3.671,40.491,34.254,23.998,-1.12705042021648,9.816,62.751,44.573,62.107,-2.0294448085488,3.62245728234337,11.0299645873059,6.39272616136919,7,"Unbroken"
"151","W. Sambo","15","2","1","1","16","3D",8.496,32.495,6.861,16.514,37.427,13.921,53.241,18.791,45.956,70.368,35.747,138.138,57.797,160.922,154.561,0,0,0,13,1,"A","",12.3,13.8,9.653,27.165,103.125,5.425,20.746,11.93,17.512,-1.90286559591898,21.826,84.897,39.006,75.96,-0.443269616701677,27.251,105.643,50.936,93.472,-2.34613521262066,3.82414746543779,3.88971868413818,3.87666507651095,1.5,"Broken"
"152","W. Sambo","16","2","13","4","16","3D",2.874,13.669,2.172,3.906,14.328,6.939,21.076,6.147,11.351,27.638,12.093,36.675,9.004,21.127,42.1,1,0,0,13,2,"A","",4.3,9.2,1.734,5.204,12.123,4.065,7.407,3.975,3.47,-2.86461369558164,5.154,15.599,2.857,6.919,0.644525304336659,9.219,23.006,6.832,10.389,-2.22008839124498,1.82214022140221,3.02658129608071,2.4954984271613,4.9,"Broken"
"153","W. Sambo","19","2","41","7","14","3D",6.769,16.486,3.461,6.673,22.133,0.994,10.179,2.747,3.952,18.028,7.33,18.878,4.746,11.286,31.997,0,0,0,13,1,"A","",7.1,1.7,3.212,1.205,6.54,-5.775,-6.307,-0.714,-2.007,-1.0578662841142,6.336,8.699,1.999,5.335,0.272168496728837,0.561,2.392,1.285,3.328,-0.785697787385366,1.09212121212121,1.37294823232323,4.26381461675579,-5.4,"Broken"
"154","W. Sambo","20","2","36","6","15","3D",5.556,19.89,5.253,8.132,24.48,13.677,55.896,20.198,61.105,91.317,25.33,109.153,48.914,142.401,154.732,0,0,0,13,0,"A","",5.5,15.9,2.879,40.907,93.487,8.121,36.006,14.945,38.028,-1.01900505385038,11.653,53.257,28.716,52.58,-0.535873907481003,19.774,89.263,43.661,90.608,-1.55487896133138,4.43369043221278,4.57023942332447,4.51416000809143,10.4,"Unbroken"
"155","W. Sambo","25","3","13","4","18","3D",5.629,31.141,8.004,13.409,33.608,15.549,51.539,12.847,44.29,70.829,26.547,85.829,25.735,85.375,104.237,0,0,0,13,0,"A","",6.6,18.3,5.405,31.443,59.64,9.92,20.398,4.843,26.038,0.121074056651132,10.998,34.29,12.888,28.197,-0.676645887017278,20.918,54.688,17.731,54.235,-0.555571830366146,2.05625,3.11783960720131,2.61439908213022,11.7,"Unbroken"
"156","W. Sambo","26","3","36","6","14","3D",11.603,44.615,15.81,30.813,58.017,22.746,105.778,34.878,112.52,131.843,24.823,132.864,52.853,160.742,166.279,0,0,0,13,0,"A","",12.2,22.3,15.003,77.642,107.889,11.143,61.163,19.068,62.639,0.210851911781844,2.077,27.086,17.975,30.247,-0.518959771906771,13.22,88.249,37.043,92.886,-0.308107860124927,5.48891680875886,13.040924410207,6.67541603630862,10.1,"Unbroken"
